{"inputUnits":[34],"outputUnits":4,"inputs":{"0":{"dtype":"number","min":209.88664204044565,"max":278.12124155838666},"1":{"dtype":"number","min":113.63409970057151,"max":282.52518412667956},"2":{"dtype":"number","min":214.67979817075025,"max":280.9588379618723},"3":{"dtype":"number","min":108.24952953056604,"max":275.5447601437105},"4":{"dtype":"number","min":207.82143262573717,"max":272.01649944142144},"5":{"dtype":"number","min":106.87284595771521,"max":274.58686205199723},"6":{"dtype":"number","min":224.1567696300462,"max":286.4895172712868},"7":{"dtype":"number","min":113.31809017908714,"max":275.227301927856},"8":{"dtype":"number","min":206.2032748567455,"max":267.3265200366306},"9":{"dtype":"number","min":113.31262432647586,"max":277.3151985495007},"10":{"dtype":"number","min":224.6767214763953,"max":303.54949238699237},"11":{"dtype":"number","min":148.70545027320952,"max":308.75764067534806},"12":{"dtype":"number","min":207.26855801237232,"max":279.66774439533395},"13":{"dtype":"number","min":140.15895264621838,"max":306.69050995941757},"14":{"dtype":"number","min":185.70321049671693,"max":347.98553348051433},"15":{"dtype":"number","min":149.80764010536996,"max":360.96202063653254},"16":{"dtype":"number","min":158.73658154261253,"max":313.6304530281037},"17":{"dtype":"number","min":145.80963491001947,"max":341.8143852026082},"18":{"dtype":"number","min":122.61381275459023,"max":369.3361939901508},"19":{"dtype":"number","min":140.29178485796146,"max":395.4158693899904},"20":{"dtype":"number","min":124.56134721926678,"max":318.93014440276744},"21":{"dtype":"number","min":139.36172307233403,"max":376.734057474693},"22":{"dtype":"number","min":230.58779230377553,"max":290.04388831468873},"23":{"dtype":"number","min":235.47766243901236,"max":386.7738835078733},"24":{"dtype":"number","min":208.97648674040917,"max":277.69573805397124},"25":{"dtype":"number","min":235.56001626100056,"max":385.9475244900596},"26":{"dtype":"number","min":190.2613658385518,"max":295.9075737741671},"27":{"dtype":"number","min":316.87489609773985,"max":410.0533998244467},"28":{"dtype":"number","min":151.3686106641005,"max":285.4977921660308},"29":{"dtype":"number","min":316.6923420531277,"max":412.5696537002979},"30":{"dtype":"number","min":166.05313787200572,"max":291.62966835823505},"31":{"dtype":"number","min":417.070856354116,"max":457.7939685866063},"32":{"dtype":"number","min":70.59330743574446,"max":287.63173559760304},"33":{"dtype":"number","min":410.36353679018725,"max":482.5329254387882}},"outputs":{"0":{"dtype":"string","min":0,"max":1,"uniqueValues":["a","b","c","d"],"legend":{"a":[1,0,0,0],"b":[0,1,0,0],"c":[0,0,1,0],"d":[0,0,0,1]}}},"isNormalized":true}